,ID
1,P06493
2,P35237
3,P02655
4,Q00341
5,P46781
6,Q9H4M9
7,O00748
8,P25787
9,Q14241
10,Q96BI1
11,P46379
12,Q96FF7
13,P01701
14,P01717
15,P01715
16,P0DOY3
17,P01877
18,A0A0C4DH68
19,P58107
20,P80303
21,Q16881
22,P36969
23,P30519
24,Q9H0W9
25,P08123
26,A0A087WTJ2
27,Q12913
28,P18283
29,P11940
30,Q9Y6I9
31,Q92504
32,Q9H0U3
33,Q9NRW7
34,Q8WYA6
35,Q15005
36,Q15661
37,O14979
38,Q3LXA3
39,P07203
40,P62847
41,P04433
42,O60841
43,Q99417
44,Q9H299
45,P01857
46,P46013
47,Q9NZM3
48,Q6UB35
49,Q00610
50,Q9Y5U8
51,P19388
52,P20292
53,Q06033
54,O75027
55,A0A087WWA5
56,P13591
57,P15941
58,Q9P2T1
59,Q96T37
60,Q96FV9
61,O95999
62,Q9BXK5
63,O95299
64,P51608
65,Q6NVY1
66,B7Z879
67,P01860
68,P18621
69,P50895
70,Q9Y365
71,O43681
72,P41235
73,P20908
74,Q9NP79
75,Q96CW1
76,P61077
77,Q6UXV4
78,P01871
79,Q8IXJ6
80,Q8IZQ5
81,Q16851
82,Q9Y5X1
83,P35556
84,A0A087X1F5
85,O95249
86,Q8IY67
87,P02549
88,Q15651
89,Q04912
90,P29966
91,O43837
92,Q6UX53
93,Q9H3K6
94,P01834
95,Q13435
96,Q9UI32
97,Q9Y3A5
98,O15484
99,P09668
100,A0A087X0H9
101,P39059
102,Q9BVL4
103,Q9UMY4
104,Q8IWT0
105,P29728
106,Q8TF71
107,Q6ZRP7
108,Q9UBW5
109,O95793
110,P54252
111,Q9Y6K9
112,P53365
113,O60613
114,Q15057
115,P22352
116,O75608
117,P53814
118,Q9UL46
119,P09871
120,O60271
121,A0A087X2I1
122,Q14185
123,Q9Y508
124,Q6ZSR9
125,A0A096LPE2
126,P30042
127,Q16363
128,Q9NR56
129,A0A0A0MR49
130,P98175
131,Q9Y2J2
132,Q99996
133,Q86WJ1
134,A0A0A0MRI2
135,A0A0A0MRJ6
136,Q13505
137,Q9NZT2
138,P09234
139,Q8IZP0
140,Q9P2E9
141,Q9H6R4
142,O60237
143,Q9BWM7
144,Q9H9E3
145,Q8TEH3
146,Q13555
147,O43432
148,Q9UPT5
149,Q14192
150,O00471
151,A0A0A0MSS8
152,O94911
153,P02746
154,O15533
155,P08575
156,Q5T1M5
157,A0A0A0MT83
158,Q8NI36
159,A0A0A0MTR7
160,Q9NUL3
161,Q13418
162,O14981
163,P07108
164,A0A0R4J2G3
165,Q13617
166,P55290
167,P06744
168,Q8WZ42
169,P48200
170,A0A0A6YYA0
171,Q96ET8
172,O75676
173,A0A0A6YYH1
174,P0DMM9
175,A0A0A6YYL4
176,P04211
177,A0A0B4J1X5
178,Q16629
179,P0CG04
180,Q13509
181,A0A0B4J2A0
182,P62841
183,A0A0B4J2E5
184,A0A0C4DFL7
185,Q92544
186,Q8IWA4
187,P55735
188,P04179
189,Q9Y6C2
190,A0A0C4DFX9
191,A0A0C4DFZ2
192,P08865
193,O43464
194,A0A0C4DG49
195,O75521
196,P20810
197,Q14839
198,Q5ZPR3
199,P62070
200,P49641
201,P04632
202,P56556
203,P39656
204,Q08379
205,O43504
206,P02753
207,P24928
208,O14773
209,Q9NYM9
210,Q53F23
211,Q9NZN3
212,Q6VN20
213,O00571
214,P08319
215,Q92614
216,Q53SF7
217,Q05086
218,Q8IWS0
219,P30511
220,O60610
221,Q6NYC8
222,P06681
223,P06681
224,O95870
225,P04062
226,Q04837
227,A0A0G2JMH6
228,Q16625
229,P01859
230,Q6W4X9
231,Q9Y666
232,A0A0G2JNZ2
233,P01861
234,P01906
235,Q9NVE7
236,A0A0G2JR65
237,Q9UHX1
238,Q9Y4K1
239,Q15165
240,Q6P3W7
241,Q9HCH5
242,Q9Y2D4
243,Q76MJ5
244,Q9BPX6
245,P32519
246,A0A0U1RRL7
247,Q8WX92
248,A0AV96
249,A0AVT1
250,A0MZ66
251,A1A5D9
252,A1L0T0
253,Q99798
254,P28065
255,P29372
256,Q13084
257,A2RRP1
258,A3KMH1
259,A5YKK6
260,Q10588
261,A6NC98
262,A6NDB9
263,A6NDG6
264,Q92599
265,Q9UKK9
266,Q969T9
267,A6NHC0
268,A6NHR9
269,P14598
270,P26599
271,O60879
272,O43768
273,P21926
274,Q15257
275,A8K7I4
276,A8K878
277,P14678
278,P58499
279,P07148
280,P62308
281,P43243
282,A8TX70
283,Q8IYB3
284,B0I1T2
285,Q9Y262
286,P63279
287,Q99829
288,P02656
289,P15153
290,P30536
291,P55769
292,O75832
293,P47756
294,Q03591
295,O43847
296,Q9NP97
297,Q7L3B6
298,Q14155
299,Q14141
300,P08174
301,H7BXF4
302,P07910
303,Q9Y5N5
304,O15372
305,Q9UHW9
306,O14735
307,Q99439
308,Q9Y2S7
309,Q969G3
310,P35222
311,Q96DH6
312,Q9BY50
313,Q99719
314,O75390
315,Q8TE68
316,P15559
317,P00736
318,P61619
319,Q9Y6E0
320,P04626
321,Q9BZL6
322,Q969X1
323,P61758
324,P51114
325,Q12905
326,Q9P289
327,P00751
328,P16422
329,O00541
330,Q8NHH9
331,P62826
332,Q9H6V9
333,Q9P0V9
334,Q32P44
335,Q96GQ7
336,P60660
337,P62495
338,P11310
339,Q9H9S4
340,Q9NR46
341,Q6JBY9
342,Q96RU3
343,Q6P582
344,P49441
345,P63165
346,P06454
347,Q15370
348,Q53GS9
349,Q92925
350,P29083
351,P30626
352,P30876
353,Q9BUL8
354,Q9GZZ1
355,Q9BTE6
356,Q7Z2W4
357,P35080
358,Q9UNL2
359,Q9Y291
360,Q9BVT8
361,Q13685
362,P05090
363,Q13098
364,P99999
365,Q9NYK5
366,Q86VB7
367,P13798
368,P56134
369,Q9Y4F1
370,P83731
371,Q4VC31
372,Q9BRJ6
373,Q9UGP4
374,Q9NX63
375,Q96GG9
376,P25686
377,Q16563
378,O60716
379,Q6Q788
380,P78344
381,D3DTX6
382,P63098
383,P62910
384,Q8IZ81
385,P06730
386,Q8NBQ5
387,O95379
388,Q9Y6B6
389,Q9NVA2
390,O94979
391,Q9P2W9
392,P27707
393,Q9BT78
394,Q99715
395,P14406
396,O00584
397,Q14011
398,O75122
399,Q6P1N9
400,Q75QN2
401,O60925
402,Q9NRG0
403,Q15369
404,O75347
405,Q9P015
406,P63208
407,P08133
408,Q7L5N1
409,Q9UH65
410,P0DP23
411,P41236
412,P61916
413,O95359
414,Q9UPN9
415,Q8IZA0
416,P35611
417,Q16181
418,Q9Y520
419,P19404
420,P37840
421,P22105
422,P02788
423,P98171
424,Q96C01
425,Q658Y4
426,Q86VM9
427,Q03001
428,Q05397
429,Q9UIA9
430,Q9ULA0
431,P05156
432,P09001
433,Q9Y6E2
434,P14207
435,P16671
436,Q96P48
437,P68400
438,P27816
439,Q86U86
440,Q15070
441,P33240
442,P23588
443,P05166
444,Q14203
445,Q13765
446,E9PB61
447,P52789
448,Q53H12
449,Q7KZI7
450,Q13144
451,Q9BYT8
452,Q9Y2E5
453,O43709
454,O95757
455,O43795
456,P18564
457,E9PEI6
458,Q16836
459,Q9Y4P3
460,Q9UJ41
461,Q13427
462,P20936
463,Q9HBL0
464,P05155
465,Q15631
466,Q15418
467,Q99627
468,Q9Y6M9
469,O94901
470,O43813
471,P04216
472,Q9Y4H4
473,Q04323
474,Q9UK99
475,Q13136
476,Q96KG9
477,Q53GL7
478,Q5H9R7
479,Q99873
480,P17480
481,Q9NRX2
482,Q5VU43
483,Q86V88
484,Q8N9N8
485,P55786
486,P21741
487,Q9BTE7
488,O00193
489,Q00613
490,P48509
491,Q8WWI1
492,O75964
493,Q9H7C9
494,P13987
495,O00217
496,P11117
497,P02511
498,O15321
499,F1T0I1
500,Q9BSJ2
501,Q9Y4A5
502,Q9C0E2
503,Q9H4A3
504,Q9UI30
505,O75251
506,P61803
507,P07358
508,P13051
509,Q9Y3B8
510,Q9NX18
511,P61421
512,P49023
513,Q9Y3C0
514,P08195
515,Q6ZU35
516,Q15436
517,Q99816
518,P55209
519,Q9BQE3
520,Q12849
521,P12694
522,Q8N684
523,P10620
524,P49447
525,P18887
526,Q9UBL3
527,Q96FS4
528,P15586
529,Q6L8Q7
530,Q5T013
531,Q9BY77
532,Q6P1Q0
533,P27708
534,Q9NYL4
535,Q8N4A0
536,P08962
537,Q63HR2
538,P61923
539,Q16527
540,Q8N6T3
541,Q96M96
542,Q99590
543,P40616
544,P54619
545,P54819
546,P09651
547,P27635
548,Q96A26
549,Q15811
550,Q641Q2
551,P49959
552,Q9Y6M1
553,Q96BJ8
554,Q567U6
555,Q8N1G0
556,Q96JC9
557,Q13586
558,P49821
559,P29466
560,P57764
561,O60232
562,Q9BZZ5
563,Q07157
564,P59768
565,Q9UBX5
566,Q9GZR7
567,O15320
568,Q07866
569,P60900
570,Q9Y2Z9
571,P07942
572,G3XAN8
573,O95248
574,P07225
575,Q8N6H7
576,Q9NUV9
577,Q96KA5
578,Q92552
579,Q9Y606
580,P31943
581,Q96FX7
582,Q01433
583,O60762
584,Q9Y237
585,P83881
586,Q9Y282
587,P48728
588,Q13439
589,Q8NFD5
590,Q96N67
591,O43674
592,Q9NZJ7
593,P32969
594,Q96EY4
595,P53041
596,Q8TDP1
597,Q6P1X6
598,Q99700
599,P82979
600,Q9Y6F6
601,Q9H8H3
602,O43716
603,Q96G23
604,Q71UM5
605,Q92930
606,P67812
607,Q9BZF9
608,O43488
609,Q5T3F8
610,Q92841
611,H3BM14
612,P05106
613,P56211
614,Q15287
615,P20702
616,Q9Y342
617,Q99547
618,P06865
619,Q9UPN3
620,P35637
621,Q16775
622,Q9P035
623,Q96CD2
624,Q1KMD3
625,P55789
626,O14562
627,P80404
628,O14874
629,Q96GQ5
630,Q8N9N7
631,O14662
632,P53990
633,P55287
634,O43278
635,P28676
636,A0FGR8
637,Q7L2E3
638,Q9BSR8
639,O75312
640,P61966
641,Q9BUR5
642,Q15032
643,Q9H0V1
644,Q99848
645,Q7Z7K0
646,Q9UJ70
647,H7C3M7
648,P35052
649,Q9ULU4
650,Q8IZH2
651,Q2TAA2
652,Q13404
653,Q9Y2R5
654,Q9NUU7
655,P46459
656,Q02978
657,O75153
658,P63241
659,Q9UQB8
660,O75674
661,P33527
662,P01130
663,J3KN16
664,O00233
665,Q9UKL0
666,J3KNB4
667,O14618
668,O15078
669,J3KNF8
670,J3KNL2
671,Q9UJV9
672,J3KNP4
673,J3KNQ4
674,Q01130
675,O75167
676,P47736
677,Q9Y6G3
678,O95232
679,Q9H4I3
680,Q9NTK5
681,Q9H9Q2
682,Q9Y3E5
683,P20036
684,Q8NBJ7
685,Q9BQE5
686,Q8WUD4
687,Q96FW1
688,Q9BTW9
689,P83916
690,P02686
691,P17844
692,P84098
693,Q07955
694,Q8IWX8
695,O75880
696,Q96FV2
697,Q8N1S5
698,Q9Y2R9
699,Q07020
700,Q9UHR5
701,Q9Y2L5
702,P51648
703,P19105
704,O43670
705,Q9Y2X7
706,Q6P1M3
707,Q14119
708,Q99933
709,Q9BRQ6
710,Q9HAS0
711,Q03252
712,Q6NW29
713,Q13620
714,O94832
715,K7EJ46
716,P48556
717,P84243
718,Q96EP5
719,P36776
720,Q92817
721,K7EL21
722,Q9BZL4
723,Q9BYD3
724,Q6UW68
725,P41567
726,O43291
727,Q9NUL5
728,Q9BZR8
729,Q96DM3
730,Q9NXH9
731,Q9Y285
732,Q9UBQ5
733,P35268
734,P02654
735,P55083
736,L0R6Q1
737,Q9NP81
738,O14579
739,Q14653
740,Q9UPT8
741,Q8IX19
742,Q9Y4J8
743,Q92888
744,Q6ZSZ5
745,P46782
746,Q13459
747,Q5UCC4
748,Q8IX01
749,Q9UI14
750,O00115
751,O00116
752,O00139
753,O00148
754,O00151
755,O00154
756,O00159
757,O00160
758,O00161
759,O00165
760,O00170
761,O00178
762,O00182
763,O00186
764,O00194
765,O00203
766,O00231
767,O00232
768,O00244
769,O00264
770,O00267
771,O00268
772,O00273
773,O00291
774,O00299
775,O00303
776,O00330
777,O00338
778,O00339
779,O00391
780,O00401
781,O00410
782,O00418
783,X6RAL5
784,O00425
785,O00442
786,O00461
787,O00468
788,O00478
789,O00479
790,O00483
791,O00487
792,O00499
793,O00505
794,O00515
795,O00534
796,O00567
797,O00592
798,O00625
799,O00629
800,O00743
801,O00754
802,O00757
803,O00764
804,O14497
805,O14545
806,O14548
807,O14558
808,O14561
809,O14617
810,O14639
811,O14672
812,O14737
813,O14744
814,O14745
815,O14776
816,O14787
817,O14791
818,O14815
819,O14818
820,O14828
821,O14841
822,O14879
823,O14880
824,O14907
825,O14908
826,O14929
827,O14933
828,O14936
829,O14949
830,O14964
831,O14974
832,O14976
833,O14980
834,O15031
835,O15042
836,O15061
837,O15067
838,O15091
839,O15116
840,O15118
841,O15126
842,O15127
843,O15143
844,O15144
845,O15145
846,O15160
847,O15173
848,O15195
849,O15212
850,O15230
851,O15247
852,O15260
853,O15269
854,O15270
855,O15294
856,O15305
857,O15347
858,O15355
859,O15357
860,O15371
861,O15382
862,O15397
863,O15400
864,O15427
865,O15438
866,O15439
867,O15446
868,O15455
869,O15496
870,O15498
871,O15511
872,O15514
873,O15541
874,O15551
875,O43143
876,O43148
877,O43149
878,O43150
879,O43166
880,O43172
881,O43175
882,O43181
883,O43237
884,O43242
885,O43252
886,O43290
887,O43293
888,O43294
889,O43324
890,O43390
891,O43395
892,O43396
893,O43399
894,O43402
895,O43447
896,O43491
897,O43493
898,O43516
899,O43583
900,O43598
901,O43615
902,O43633
903,O43639
904,O43653
905,O43660
906,O43665
907,O43676
908,O43678
909,O43684
910,O43704
911,O43707
912,O43719
913,O43745
914,O43747
915,O43765
916,O43772
917,O43776
918,O43809
919,O43815
920,O43818
921,O43819
922,O43823
923,O43852
924,O43865
925,O43866
926,O43896
927,O43920
928,O60216
929,O60218
930,O60220
931,O60231
932,O60234
933,O60256
934,O60262
935,O60264
936,O60268
937,O60313
938,O60341
939,O60437
940,O60487
941,O60488
942,O60493
943,O60504
944,O60547
945,O60568
946,O60645
947,O60664
948,O60669
949,O60684
950,O60701
951,O60711
952,O60749
953,O60763
954,O60784
955,O60826
956,O60828
957,O60831
958,O60832
959,O60869
960,O60884
961,O60885
962,O60888
963,O75071
964,O75083
965,O75116
966,O75131
967,O75146
968,O75150
969,O75157
970,O75165
971,O75170
972,O75175
973,O75179
974,O75190
975,O75208
976,O75223
977,O75264
978,O75306
979,O75323
980,O75340
981,O75348
982,O75351
983,O75356
984,O75363
985,O75367
986,O75368
987,O75369
988,O75380
989,O75381
990,O75396
991,O75410
992,O75431
993,O75436
994,O75438
995,O75439
996,O75475
997,O75477
998,O75489
999,O75494
1000,O75506
1001,O75531
1002,O75533
1003,O75534
1004,O75569
1005,O75592
1006,O75607
1007,O75643
1008,O75688
1009,O75694
1010,O75695
1011,O75746
1012,O75764
1013,O75791
1014,O75792
1015,O75821
1016,O75822
1017,O75843
1018,O75844
1019,O75874
1020,O75879
1021,O75886
1022,O75915
1023,O75923
1024,O75934
1025,O75935
1026,O75937
1027,O75947
1028,O75955
1029,O75976
1030,O75995
1031,O76003
1032,O76021
1033,O76024
1034,O76031
1035,O76070
1036,O76080
1037,O76094
1038,O76095
1039,O94760
1040,O94763
1041,O94776
1042,O94804
1043,O94811
1044,O94826
1045,O94855
1046,O94874
1047,O94886
1048,O94887
1049,O94888
1050,O94903
1051,O94905
1052,O94906
1053,O94913
1054,O94919
1055,O94973
1056,O94992
1057,O95049
1058,O95104
1059,O95139
1060,O95140
1061,O95154
1062,O95155
1063,O95159
1064,O95164
1065,Q6FGG4
1066,O95168
1067,O95169
1068,O95182
1069,O95183
1070,O95202
1071,O95292
1072,O95294
1073,O95298
1074,O95302
1075,O95336
1076,O95340
1077,O95352
1078,O95361
1079,O95372
1080,O95373
1081,O95394
1082,O95395
1083,O95400
1084,O95425
1085,O95433
1086,O95453
1087,O95466
1088,O95470
1089,O95471
1090,O95479
1091,O95486
1092,O95487
1093,O95563
1094,O95571
1095,O95573
1096,O95602
1097,O95630
1098,O95671
1099,O95674
1100,O95716
1101,O95721
1102,O95747
1103,O95758
1104,O95777
1105,O95782
1106,O95786
1107,O95810
1108,O95816
1109,O95817
1110,O95822
1111,O95831
1112,O95834
1113,O95861
1114,O95865
1115,O95881
1116,O95994
1117,O96000
1118,O96005
1119,O96008
1120,O96013
1121,O96019
1122,P00167
1123,P00325
1124,P00326
1125,P00338
1126,P00352
1127,P00367
1128,P00387
1129,P00390
1130,P00403
1131,P00441
1132,P00450
1133,P00480
1134,P00488
1135,P00491
1136,P00492
1137,P00505
1138,P00533
1139,P00558
1140,P00568
1141,P00734
1142,P00738
1143,P00747
1144,P00748
1145,P00813
1146,P00915
1147,P00918
1148,P00966
1149,P00995
1150,P01008
1151,P01009
1152,P01011
1153,P01019
1154,P01023
1155,P01024
1156,P01031
1157,P01033
1158,P01034
1159,P01040
1160,P01042
1161,P01042
1162,P01111
1163,P01275
1164,P01350
1165,P01591
1166,P01602
1167,P01780
1168,P01833
1169,P01876
1170,P01891
1171,P01892
1172,P02042
1173,P02452
1174,P02461
1175,P02462
1176,P02533
1177,P02538
1178,P02545
1179,P02647
1180,P02649
1181,P02652
1182,P02671
1183,P02675
1184,P02679
1185,P02730
1186,P02743
1187,P02747
1188,P02748
1189,P02749
1190,P02750
1191,P02751
1192,P02760
1193,P02763
1194,P02765
1195,P02766
1196,P02768
1197,P02774
1198,P02786
1199,P02787
1200,P02790
1201,P02792
1202,P02794
1203,P02795
1204,P03928
1205,P03956
1206,P04003
1207,P04004
1208,P04040
1209,P04066
1210,P04075
1211,P04080
1212,P04083
1213,P04114
1214,P04155
1215,P04181
1216,P04196
1217,P01721
1218,P04217
1219,P01871
1220,P04233
1221,P04264
1222,P04275
1223,P04406
1224,P04424
1225,P04439
1226,P04440
1227,P04792
1228,P04839
1229,P04843
1230,P04844
1231,P04899
1232,P04920
1233,P05023
1234,P05026
1235,P05062
1236,P05091
1237,P05107
1238,P05109
1239,P05114
1240,P05141
1241,P05164
1242,P05165
1243,P05198
1244,P05204
1245,P05362
1246,P05386
1247,P05387
1248,P05388
1249,P05413
1250,P05423
1251,P05451
1252,P05452
1253,P05455
1254,P05546
1255,P05556
1256,P05783
1257,P05787
1258,P05997
1259,P06132
1260,P06396
1261,P06396
1262,P06576
1263,P06702
1264,P06703
1265,P06727
1266,P06731
1267,P06732
1268,P06733
1269,P06737
1270,P06748
1271,P06756
1272,P07098
1273,P07099
1274,P07195
1275,P07205
1276,P07237
1277,P07305
1278,P07339
1279,P07355
1280,P07357
1281,P07360
1282,P07384
1283,P07437
1284,P07585
1285,P07602
1286,P07686
1287,P07711
1288,P07737
1289,P07738
1290,P07741
1291,P07814
1292,P07858
1293,P07900
1294,P07902
1295,P07919
1296,P07954
1297,P07996
1298,P08118
1299,P08133
1300,P08134
1301,P08236
1302,P08237
1303,P08238
1304,P08240
1305,P08246
1306,P08263
1307,P08294
1308,P08311
1309,P08514
1310,P08559
1311,P08567
1312,P08571
1313,P08572
1314,P08574
1315,P08579
1316,P08603
1317,P08621
1318,P08648
1319,P08651
1320,P08670
1321,P08697
1322,P08708
1323,P08727
1324,P08729
1325,P08754
1326,P08758
1327,P09012
1328,P09104
1329,P09110
1330,P09132
1331,P09211
1332,P09327
1333,P09382
1334,P09417
1335,P09429
1336,P09455
1337,P09467
1338,P09471
1339,P09486
1340,P09488
1341,P09496
1342,P09497
1343,P09525
1344,P09543
1345,P09601
1346,P09619
1347,P09622
1348,P09661
1349,P09669
1350,P09874
1351,P09917
1352,P09960
1353,P09972
1354,Q71UI9
1355,P0CAP2
1356,P0DJD8
1357,P0DN76
1358,P10109
1359,P10153
1360,P10155
1361,P10253
1362,P10301
1363,P10412
1364,P10515
1365,P10586
1366,P10599
1367,P10606
1368,P10619
1369,P10643
1370,P10644
1371,P10645
1372,P10768
1373,P10809
1374,P10909
1375,P11021
1376,P11047
1377,P11142
1378,P11166
1379,P11171
1380,P11172
1381,P11177
1382,P11182
1383,P11215
1384,P11216
1385,P11233
1386,P11234
1387,P11274
1388,P11277
1389,P11279
1390,P11387
1391,P11388
1392,P11413
1393,P11441
1394,P11498
1395,P11532
1396,P11586
1397,P11678
1398,P11717
1399,P11766
1400,P11908
1401,P12004
1402,P12081
1403,P12109
1404,P12110
1405,P12111
1406,P12235
1407,P12236
1408,P12268
1409,P12270
1410,P12277
1411,P12429
1412,P12532
1413,P12724
1414,P12821
1415,P12830
1416,P12931
1417,P12955
1418,P12956
1419,P13010
1420,P13073
1421,P13284
1422,P13473
1423,P13489
1424,P13498
1425,P13521
1426,P13611
1427,P13639
1428,P13645
1429,P13646
1430,P13667
1431,P13671
1432,P13674
1433,P13688
1434,P13693
1435,P13716
1436,P13727
1437,Q6DU44
1438,P13796
1439,P13797
1440,P13804
1441,P13807
1442,P13861
1443,P13984
1444,P14091
1445,P14174
1446,P14209
1447,P14317
1448,P14324
1449,P14384
1450,P14410
1451,P14543
1452,P14550
1453,P14618
1454,P14618
1455,P14625
1456,P14649
1457,P14735
1458,P14780
1459,P14854
1460,P14866
1461,P14868
1462,P14923
1463,P14927
1464,P15088
1465,P15090
1466,P15104
1467,P15121
1468,P15144
1469,P15170
1470,P15291
1471,P15311
1472,P15374
1473,P15428
1474,P15529
1475,P15814
1476,P15880
1477,P15924
1478,P15927
1479,P15954
1480,P16050
1481,P16070
1482,P16104
1483,P16144
1484,P16150
1485,P16152
1486,P16157
1487,P16219
1488,P16220
1489,P16278
1490,P16284
1491,P16298
1492,P16333
1493,P16401
1494,P16402
1495,P16403
1496,P16435
1497,P16455
1498,P16615
1499,P16885
1500,P16949
1501,P16989
1502,P17050
1503,P17096
1504,P17174
1505,P17213
1506,P17252
1507,P17301
1508,P17540
1509,P17568
1510,P17612
1511,P17655
1512,P17661
1513,P17812
1514,P17858
1515,P17900
1516,P17931
1517,P17980
1518,P17987
1519,P18031
1520,P18065
1521,P18077
1522,P18084
1523,P18085
1524,P18124
1525,P18206
1526,P18428
1527,P18510
1528,P18583
1529,P18615
1530,P18669
1531,P18754
1532,P18827
1533,P18859
1534,P19013
1535,P19075
1536,P19338
1537,P19367
1538,P19387
1539,P19440
1540,P19474
1541,P19525
1542,P19623
1543,P19634
1544,P19652
1545,P19801
1546,P19823
1547,P19827
1548,P19838
1549,P19878
1550,P19971
1551,P20020
1552,P20042
1553,P20061
1554,P20073
1555,P20142
1556,P20160
1557,P20290
1558,P20339
1559,P20340
1560,P20585
1561,P20591
1562,P20618
1563,P20645
1564,P20648
1565,P20674
1566,P20700
1567,P20701
1568,P20774
1569,P20815
1570,P20851
1571,P20962
1572,P21266
1573,P21281
1574,P21283
1575,P21291
1576,P21333
1577,P21397
1578,P21399
1579,P21589
1580,P21695
1581,P21796
1582,P21810
1583,P21912
1584,P21953
1585,P21964
1586,P21980
1587,P22033
1588,P22059
1589,P22087
1590,P22102
1591,P22234
1592,P22307
1593,P22314
1594,P22570
1595,P22626
1596,P22695
1597,P22760
1598,P22830
1599,P23141
1600,P23142
1601,P23142
1602,P23193
1603,P23219
1604,P23229
1605,P23246
1606,P23258
1607,P23284
1608,P23368
1609,P23381
1610,P23396
1611,P23434
1612,P23497
1613,P23526
1614,P23528
1615,P23634
1616,P23786
1617,P23919
1618,P24158
1619,P24298
1620,P24311
1621,P24534
1622,P24539
1623,P24666
1624,P24752
1625,P24821
1626,P24844
1627,P25098
1628,P25205
1629,P25311
1630,P25325
1631,P25398
1632,P25490
1633,P25685
1634,P25705
1635,P25774
1636,P25786
1637,P25788
1638,P25789
1639,P25815
1640,P26006
1641,P26038
1642,P26196
1643,P26358
1644,P26368
1645,P26373
1646,P26447
1647,P26572
1648,P26583
1649,P26639
1650,P26640
1651,P26641
1652,P26885
1653,P27105
1654,P27144
1655,P27169
1656,P27216
1657,P27338
1658,P27348
1659,P27352
1660,P27361
1661,P27487
1662,P27694
1663,P27695
1664,P27701
1665,P27797
1666,P27824
1667,P28062
1668,P28066
1669,P28070
1670,P28072
1671,P28161
1672,P28288
1673,P28289
1674,P28331
1675,P28482
1676,P28799
1677,P28838
1678,P28907
1679,P29144
1680,P29218
1681,P29350
1682,P29353
1683,P29401
1684,P29536
1685,P29590
1686,P29992
1687,P30038
1688,P30039
1689,P30040
1690,P30041
1691,P30043
1692,P30044
1693,P30046
1694,P30048
1695,P30049
1696,P30050
1697,P30084
1698,P30085
1699,P30086
1700,P30101
1701,P30153
1702,P30273
1703,P30405
1704,P30419
1705,P30520
1706,P30533
1707,P30566
1708,P30622
1709,P30711
1710,P30740
1711,P30837
1712,P30838
1713,P31040
1714,P31146
1715,P31150
1716,P31153
1717,P31323
1718,P31327
1719,P31431
1720,P31513
1721,P31689
1722,P31749
1723,P31930
1724,P31937
1725,P31939
1726,P31942
1727,P31946
1728,P31947
1729,P31948
1730,P31949
1731,P32119
1732,P32322
1733,P32455
1734,P32942
1735,P33121
1736,P33176
1737,P33241
1738,P33260
1739,P33316
1740,P33908
1741,P33991
1742,P33992
1743,P33993
1744,P34059
1745,P34896
1746,P34897
1747,P34910
1748,P34913
1749,P34932
1750,P34949
1751,P35221
1752,P35232
1753,P35241
1754,P35244
1755,P35249
1756,P35251
1757,P35269
1758,P35270
1759,P35527
1760,P35555
1761,P35573
1762,P35579
1763,P35580
1764,P35606
1765,P35613
1766,P35658
1767,P35659
1768,P35754
1769,P35813
1770,P35900
1771,P35908
1772,P35914
1773,P35998
1774,P36269
1775,P36405
1776,P36507
1777,P36542
1778,P36543
1779,P36551
1780,P36578
1781,P36639
1782,P36871
1783,P36952
1784,P36955
1785,P36957
1786,P37059
1787,P37108
1788,P37198
1789,P37235
1790,P37268
1791,P37802
1792,P37837
1793,P38117
1794,P38432
1795,P38606
1796,P38646
1797,P38919
1798,P39019
1799,P39023
1800,P39060
1801,P39687
1802,P39748
1803,P40121
1804,P40199
1805,P40222
1806,P40227
1807,P40261
1808,P40306
1809,P40429
1810,P40763
1811,P40855
1812,P40925
1813,P40926
1814,P40939
1815,P41091
1816,P41208
1817,P41218
1818,P41223
1819,P41226
1820,P41227
1821,P41240
1822,P41250
1823,P41252
1824,P42025
1825,P42126
1826,P42166
1827,P42167
1828,P42167
1829,P42224
1830,P42285
1831,P42331
1832,P42345
1833,P42566
1834,P42574
1835,P42677
1836,P42704
1837,P42765
1838,P42766
1839,P42768
1840,P42858
1841,P43007
1842,P43034
1843,P43121
1844,P43155
1845,P43246
1846,P43251
1847,P43304
1848,P43307
1849,P43358
1850,P43405
1851,P43487
1852,P43490
1853,P43652
1854,P43686
1855,P43897
1856,P45877
1857,P45880
1858,P45954
1859,P45973
1860,P45974
1861,P46060
1862,P46063
1863,P46100
1864,P46108
1865,P46109
1866,P46199
1867,P46527
1868,P46734
1869,P46776
1870,P46777
1871,P46778
1872,P46779
1873,P46783
1874,P46821
1875,P46926
1876,P46934
1877,P46937
1878,P46939
1879,P46940
1880,P46952
1881,P46976
1882,P46977
1883,P47755
1884,P47897
1885,P47914
1886,P47985
1887,P48047
1888,P48059
1889,P48147
1890,P48163
1891,P48436
1892,P48444
1893,P48449
1894,P48506
1895,P48634
1896,P48637
1897,P48643
1898,P48681
1899,P48729
1900,P48735
1901,P48739
1902,P48960
1903,P49006
1904,P49137
1905,P49189
1906,P49207
1907,P49247
1908,P49257
1909,P49321
1910,P49326
1911,P49327
1912,P49368
1913,P49406
1914,P49407
1915,P49411
1916,P49419
1917,P49454
1918,P49458
1919,P49585
1920,P49588
1921,P49589
1922,P49590
1923,P49591
1924,P49593
1925,P49662
1926,P49720
1927,P49721
1928,P49736
1929,P49748
1930,P49750
1931,P49755
1932,P49756
1933,P49757
1934,P49768
1935,P49770
1936,P49773
1937,P49790
1938,P49792
1939,P49841
1940,P49903
1941,P49914
1942,P49915
1943,P49916
1944,P49961
1945,P50135
1946,P50148
1947,P50213
1948,P50225
1949,P50238
1950,P50336
1951,P50395
1952,P50402
1953,P50416
1954,P50440
1955,P50452
1956,P50453
1957,P50454
1958,P50479
1959,P50502
1960,P50552
1961,P50579
1962,P50583
1963,P50851
1964,P50897
1965,P50914
1966,P50990
1967,P50991
1968,P50995
1969,P51148
1970,P51149
1971,P51151
1972,P51153
1973,P51159
1974,P51164
1975,P51178
1976,P51397
1977,P51398
1978,P51452
1979,P51531
1980,P51532
1981,P51553
1982,P51570
1983,P51571
1984,P51572
1985,P51580
1986,P51636
1987,P51649
1988,P51659
1989,P51665
1990,P51687
1991,P51688
1992,P51812
1993,P51857
1994,P51858
1995,P51884
1996,P51888
1997,P51911
1998,P51970
1999,P51991
2000,P52209
2001,P52272
2002,P52292
2003,P52294
2004,P52306
2005,P52565
2006,P52566
2007,P52594
2008,P52597
2009,P52630
2010,P52701
2011,P52735
2012,P52756
2013,P52758
2014,P52788
2015,P52790
2016,P52799
2017,P52888
2018,P52907
2019,P52943
2020,P52948
2021,P53004
2022,P53007
2023,P53367
2024,P53384
2025,P53396
2026,P53582
2027,P53597
2028,P53602
2029,P53618
2030,P53621
2031,P53634
2032,P53675
2033,P53701
2034,P53708
2035,P53985
2036,P53992
2037,P53999
2038,P54105
2039,P54136
2040,P54289
2041,P54577
2042,P54578
2043,P54652
2044,P54709
2045,P54725
2046,P54727
2047,P54868
2048,P54886
2049,P54920
2050,P55001
2051,P55008
2052,P55010
2053,P55011
2054,P55036
2055,P55060
2056,P55072
2057,P55081
2058,P55084
2059,P55087
2060,P55210
2061,P55212
2062,P55263
2063,P55265
2064,P55268
2065,P55327
2066,P55795
2067,P55809
2068,P55884
2069,P55899
2070,P55957
2071,P56181
2072,P56182
2073,P56192
2074,P56199
2075,P56378
2076,P56381
2077,P56385
2078,P56470
2079,P56537
2080,P56856
2081,P56937
2082,P56945
2083,P57088
2084,P57735
2085,P57772
2086,P58107
2087,P58546
2088,P59666
2089,P59998
2090,P60033
2091,P60174
2092,P60228
2093,P60468
2094,P60520
2095,P60604
2096,P63261
2097,P60842
2098,P60866
2099,P60903
2100,P60953
2101,P60981
2102,P60983
2103,P61006
2104,P61009
2105,P61011
2106,P61019
2107,P61020
2108,P61026
2109,P61081
2110,P61086
2111,P61088
2112,P61106
2113,P61158
2114,P61160
2115,P61163
2116,P61201
2117,P84077
2118,P61221
2119,P61225
2120,P61247
2121,P61254
2122,P61278
2123,P61289
2124,P61313
2125,P61326
2126,P61353
2127,P61513
2128,P61586
2129,P61604
2130,P61626
2131,P61927
2132,P61956
2133,P61960
2134,P61964
2135,P61970
2136,P61978
2137,P61981
2138,P62072
2139,P62081
2140,P62136
2141,P62140
2142,P62191
2143,P62195
2144,P62241
2145,P62244
2146,P62249
2147,P62258
2148,P62263
2149,P62266
2150,P62269
2151,P62273
2152,P62277
2153,P62280
2154,P62304
2155,P62310
2156,P62312
2157,P62314
2158,P62316
2159,P62318
2160,P62328
2161,P62330
2162,P62424
2163,P62701
2164,P62745
2165,P62750
2166,P62753
2167,P62805
2168,P62820
2169,P62829
2170,P62834
2171,P62851
2172,P62854
2173,P62857
2174,P62861
2175,P62873
2176,P62879
2177,P62888
2178,P62899
2179,P62906
2180,P62913
2181,P62917
2182,P62937
2183,P62937
2184,P62942
2185,P62979
2186,P62993
2187,P62995
2188,P63000
2189,P63010
2190,P63092
2191,P63096
2192,P63104
2193,P63151
2194,P63167
2195,P63173
2196,P63218
2197,P63220
2198,P63244
2199,P67809
2200,P67870
2201,P67936
2202,P67936
2203,P68036
2204,P68104
2205,P68371
2206,P68402
2207,P68871
2208,P69905
2209,P78310
2210,P78318
2211,P78346
2212,P78347
2213,P78371
2214,P78406
2215,P78417
2216,P78527
2217,P80188
2218,P80217
2219,P80365
2220,P80511
2221,P80723
2222,P80748
2223,P82094
2224,P82673
2225,P82675
2226,P82909
2227,P82914
2228,P82932
2229,P82933
2230,P82970
2231,P83111
2232,P83436
2233,P84085
2234,P84090
2235,P84095
2236,P84101
2237,P84103
2238,P85037
2239,P98082
2240,P98088
2241,P98160
2242,P98179
2243,Q00059
2244,Q00169
2245,Q00325
2246,Q00403
2247,Q00535
2248,Q00577
2249,Q00587
2250,Q00653
2251,Q00688
2252,Q00765
2253,Q00796
2254,Q00839
2255,Q00839
2256,Q00978
2257,Q01082
2258,Q01085
2259,Q01105
2260,Q01415
2261,Q01469
2262,Q01518
2263,Q01581
2264,Q01650
2265,Q01658
2266,Q01780
2267,Q01813
2268,Q01831
2269,Q01970
2270,Q01995
2271,Q02218
2272,Q02252
2273,Q02338
2274,Q02388
2275,Q02487
2276,Q02543
2277,Q02750
2278,Q02790
2279,Q02809
2280,Q02818
2281,Q02878
2282,Q02880
2283,Q02952
2284,Q03135
2285,Q03154
2286,Q03169
2287,Q03403
2288,Q03518
2289,Q04446
2290,Q04760
2291,Q04917
2292,Q04941
2293,Q05315
2294,Q05519
2295,Q05655
2296,Q05682
2297,Q05707
2298,Q92734
2299,Q06124
2300,Q06136
2301,Q06141
2302,Q06203
2303,Q06210
2304,Q06323
2305,Q06546
2306,Q06547
2307,Q06587
2308,Q06787
2309,Q06828
2310,Q06830
2311,Q07021
2312,Q07065
2313,Q07507
2314,Q07666
2315,Q07812
2316,Q07954
2317,Q07960
2318,Q08170
2319,Q08174
2320,Q08209
2321,Q08211
2322,Q08257
2323,Q08378
2324,Q08380
2325,Q08426
2326,Q08623
2327,Q08722
2328,Q08752
2329,Q08945
2330,Q08AF3
2331,Q08AM6
2332,Q08J23
2333,Q09028
2334,Q09161
2335,Q09327
2336,Q09666
2337,Q0JRZ9
2338,Q0VAQ4
2339,Q0VD83
2340,Q0VDF9
2341,Q0ZGT2
2342,Q10469
2343,Q10471
2344,Q10589
2345,Q10713
2346,Q12765
2347,Q12768
2348,Q12769
2349,Q12774
2350,Q12792
2351,Q12797
2352,Q12802
2353,Q12805
2354,Q12824
2355,Q12846
2356,Q12864
2357,Q12874
2358,Q12888
2359,Q12899
2360,Q12904
2361,Q12906
2362,Q12907
2363,Q12929
2364,Q12931
2365,Q12955
2366,Q12959
2367,Q12965
2368,Q12972
2369,Q12981
2370,Q13011
2371,Q13033
2372,Q13043
2373,Q13045
2374,Q13057
2375,Q13085
2376,Q13087
2377,Q13123
2378,Q13126
2379,Q13131
2380,Q13137
2381,Q13148
2382,Q13151
2383,Q13153
2384,Q13155
2385,Q13162
2386,Q13177
2387,Q13185
2388,Q13190
2389,Q13200
2390,Q13217
2391,Q13228
2392,Q13232
2393,Q13242
2394,Q13243
2395,Q13247
2396,Q13263
2397,Q13283
2398,Q13287
2399,Q13308
2400,Q13310
2401,Q13347
2402,Q13356
2403,Q13363
2404,Q13405
2405,Q13409
2406,Q13421
2407,Q13422
2408,Q13423
2409,Q13425
2410,Q13428
2411,Q13442
2412,Q13443
2413,Q13444
2414,Q13445
2415,Q13451
2416,Q13464
2417,Q13488
2418,Q13492
2419,Q13501
2420,Q13510
2421,Q13526
2422,Q13546
2423,Q13547
2424,Q13561
2425,Q13564
2426,Q13573
2427,Q13576
2428,Q13595
2429,Q13596
2430,Q13618
2431,Q13630
2432,Q13637
2433,Q13641
2434,Q13642
2435,Q13643
2436,Q13724
2437,Q13740
2438,Q13751
2439,Q13753
2440,Q13825
2441,Q13838
2442,Q13867
2443,Q13884
2444,Q13885
2445,Q13895
2446,Q13907
2447,Q13948
2448,Q13951
2449,Q13976
2450,Q14005
2451,Q14008
2452,Q14019
2453,Q14061
2454,Q14103
2455,Q14103
2456,Q14108
2457,Q14112
2458,Q14116
2459,Q14118
2460,Q14126
2461,Q14137
2462,Q14139
2463,Q14151
2464,Q14152
2465,Q14156
2466,Q14157
2467,Q14161
2468,Q14165
2469,Q14166
2470,Q14195
2471,Q14204
2472,Q14232
2473,Q14240
2474,Q14244
2475,Q14247
2476,Q14254
2477,Q14257
2478,Q14258
2479,Q14289
2480,Q14315
2481,Q14318
2482,Q14320
2483,Q14344
2484,Q14376
2485,Q14435
2486,Q14444
2487,Q14498
2488,Q14520
2489,Q14554
2490,Q14558
2491,Q14566
2492,Q14573
2493,Q14643
2494,Q14651
2495,Q14657
2496,Q14669
2497,Q14676
2498,Q14677
2499,Q14683
2500,Q14690
2501,Q14692
2502,Q14694
2503,Q14696
2504,Q14699
2505,Q14739
2506,Q14746
2507,Q14764
2508,Q14766
2509,Q14790
2510,Q147X3
2511,Q14847
2512,Q14914
2513,Q14966
2514,Q14974
2515,Q14980
2516,Q14BN4
2517,Q14CX7
2518,Q15006
2519,Q15007
2520,Q15008
2521,Q15020
2522,Q15029
2523,Q15031
2524,Q15036
2525,Q15042
2526,Q15043
2527,Q15046
2528,Q15050
2529,Q15054
2530,Q15056
2531,Q15067
2532,Q15075
2533,Q15080
2534,Q15084
2535,Q15102
2536,Q15113
2537,Q15118
2538,Q15121
2539,Q15124
2540,Q15126
2541,Q15147
2542,Q15149
2543,Q15149
2544,Q15154
2545,Q15172
2546,Q15181
2547,Q15185
2548,Q15233
2549,Q15293
2550,Q15306
2551,Q15311
2552,Q15363
2553,Q15365
2554,Q15388
2555,Q15392
2556,Q15393
2557,Q15404
2558,Q15424
2559,Q15427
2560,Q15428
2561,Q15435
2562,Q15437
2563,Q15438
2564,Q15459
2565,Q15477
2566,Q15526
2567,Q15554
2568,Q15555
2569,Q15582
2570,Q15599
2571,Q15628
2572,Q15637
2573,Q15643
2574,Q15650
2575,Q15654
2576,Q15691
2577,Q15717
2578,Q15738
2579,Q15746
2580,Q15758
2581,Q15785
2582,Q15819
2583,Q15833
2584,Q15847
2585,Q15942
2586,Q16134
2587,Q16186
2588,Q16204
2589,Q16270
2590,Q16401
2591,Q16512
2592,Q16513
2593,Q16531
2594,Q16539
2595,Q16540
2596,Q16543
2597,Q16555
2598,Q16576
2599,Q16610
2600,Q16611
2601,Q16630
2602,Q16643
2603,Q16658
2604,Q16666
2605,Q16698
2606,Q16706
2607,Q16718
2608,Q16719
2609,Q16740
2610,Q16762
2611,Q16790
2612,Q16795
2613,Q16798
2614,Q16822
2615,Q16853
2616,Q16864
2617,Q16891
2618,Q27J81
2619,Q29RF7
2620,Q2M2I8
2621,Q2PPJ7
2622,Q2TAA5
2623,Q2TAL8
2624,Q2TAY7
2625,Q2TB90
2626,Q2WGJ9
2627,Q32MZ4
2628,Q3KQU3
2629,Q3MHD2
2630,Q3MIR4
2631,Q3SY69
2632,Q3YEC7
2633,Q3ZCM7
2634,Q3ZCQ8
2635,Q3ZCW2
2636,Q460N5
2637,Q8IVH4
2638,Q49A26
2639,Q4G0J3
2640,Q4G0N4
2641,Q4G176
2642,Q4KMP7
2643,Q4KWH8
2644,Q4L180
2645,Q4V328
2646,Q4V9L6
2647,Q52LJ0
2648,Q53EL6
2649,Q53F19
2650,Q53FA7
2651,Q53GD3
2652,Q53GG5
2653,Q53GQ0
2654,Q53H82
2655,Q53LP3
2656,Q53T59
2657,Q53TN4
2658,Q56VL3
2659,Q58FF8
2660,Q5EBL8
2661,Q5EBM0
2662,Q5GLZ8
2663,Q9UNF1
2664,Q5HYI7
2665,Q9HCE1
2666,Q5JRA6
2667,Q5JRX3
2668,Q5JSH3
2669,Q5JTH9
2670,Q5JTJ3
2671,Q5JTZ9
2672,Q5JU69
2673,Q9BZJ0
2674,Q5K4L6
2675,Q5K651
2676,Q9Y5K5
2677,Q5M775
2678,Q92530
2679,Q9UQ88
2680,Q5R3I4
2681,Q5RKV6
2682,Q5SRE5
2683,Q5SRE7
2684,Q5SSJ5
2685,Q9NZJ6
2686,Q5T0F9
2687,Q5T0N5
2688,Q5T0Z8
2689,Q9H008
2690,Q5T200
2691,Q5T280
2692,Q5T2T1
2693,Q9H583
2694,Q5T447
2695,Q5T4S7
2696,Q5T5C0
2697,Q5T5P2
2698,Q5T5U3
2699,Q5T653
2700,Q5T6F2
2701,Q5T6V5
2702,Q5T8U3
2703,Q5TBC7
2704,Q5TDH0
2705,Q5TEC6
2706,Q5TFE4
2707,Q9UGV2
2708,Q5TH69
2709,Q5TZA2
2710,Q5U5X0
2711,Q5UIP0
2712,Q5VT52
2713,Q9Y2H5
2714,Q5VTR2
2715,Q5VW32
2716,Q5VW38
2717,Q9HCE6
2718,Q5VYY1
2719,Q5VZK9
2720,Q5W0V3
2721,Q5XKP0
2722,Q5XPI4
2723,Q5XXA6
2724,Q63ZY3
2725,Q643R3
2726,Q66K14
2727,Q66K74
2728,Q684P5
2729,Q68CZ2
2730,Q68DA7
2731,Q68EM7
2732,Q6DD88
2733,Q6FI81
2734,Q6GMV3
2735,Q6I9Y2
2736,Q6IAA8
2737,Q6IBS0
2738,Q6IC98
2739,Q6IN85
2740,Q6JQN1
2741,Q6KC79
2742,Q6NUJ1
2743,Q6NUK1
2744,Q6NUM9
2745,Q6NUQ4
2746,Q6NXG1
2747,Q6NY19
2748,Q6NZI2
2749,Q6NZY4
2750,Q6P179
2751,Q6P1A2
2752,Q6P1J9
2753,Q6P1L8
2754,Q6P1M0
2755,Q6P1N0
2756,Q6P2E9
2757,Q6P2Q9
2758,Q6P4A8
2759,Q6P4E1
2760,Q6P4Q7
2761,Q6P587
2762,Q6P5S2
2763,Q6P6C2
2764,Q6P996
2765,Q6P9B6
2766,Q6P9B9
2767,Q6PCB0
2768,Q6PCB7
2769,Q6PD62
2770,Q6PD74
2771,Q6PGP7
2772,Q6PI48
2773,Q6PJT7
2774,Q6PKG0
2775,Q6PML9
2776,Q6QNY0
2777,Q6QNY1
2778,Q6SPF0
2779,Q6ULP2
2780,Q6UN15
2781,Q6UVK1
2782,Q6UWP2
2783,Q6UX04
2784,Q6UX06
2785,Q6UXG2
2786,Q6UXH1
2787,Q6VY07
2788,Q6WCQ1
2789,Q6WKZ4
2790,Q6XQN6
2791,Q6XZF7
2792,Q6Y1H2
2793,Q6Y7W6
2794,Q6YHK3
2795,Q6YN16
2796,Q6YP21
2797,Q6ZMB0
2798,Q6ZMI0
2799,Q6ZMP0
2800,Q6ZNJ1
2801,Q6ZRV2
2802,Q6ZUT6
2803,Q6ZVM7
2804,Q709C8
2805,Q70UQ0
2806,Q71RC2
2807,Q7KZ85
2808,Q7KZF4
2809,Q7L0Y3
2810,Q7L1Q6
2811,Q7L2H7
2812,Q7L311
2813,Q7L576
2814,Q7L5D6
2815,Q9H8S9
2816,Q7LBC6
2817,Q7LBR1
2818,Q7RTS1
2819,Q7RTV0
2820,Q7Z2K6
2821,Q7Z2W9
2822,Q7Z2Z2
2823,Q7Z3B1
2824,Q7Z3B4
2825,Q7Z3D6
2826,Q7Z3E2
2827,Q7Z3K3
2828,Q7Z406
2829,Q7Z417
2830,Q7Z434
2831,Q7Z4H3
2832,Q7Z4V5
2833,Q7Z4W1
2834,Q7Z591
2835,Q7Z5G4
2836,Q7Z5K2
2837,Q7Z5L9
2838,Q7Z5R6
2839,Q7Z6I6
2840,Q7Z6K5
2841,Q7Z6Z7
2842,Q7Z7H5
2843,Q7Z7H8
2844,Q7Z7L8
2845,Q7Z7M9
2846,Q86SF2
2847,Q86SX6
2848,Q86TI2
2849,Q86TM6
2850,Q86TU7
2851,Q86TX2
2852,Q86U28
2853,Q86UE4
2854,Q86UP2
2855,Q86UT6
2856,Q86UU1
2857,Q86UX7
2858,Q86V48
2859,Q86VN1
2860,Q86VP6
2861,Q86VS8
2862,Q86W92
2863,Q86WA6
2864,Q86WQ0
2865,Q86WU2
2866,Q86WV6
2867,Q86X02
2868,Q86X10
2869,Q86X29
2870,Q86X76
2871,Q86XK7
2872,Q86XP3
2873,Q86XP6
2874,Q86XZ4
2875,Q86Y39
2876,Q86Y82
2877,Q86YB7
2878,Q86YP4
2879,Q86YS7
2880,Q8IU81
2881,Q8IUC4
2882,Q8IUD2
2883,Q8IUE6
2884,Q8IUX7
2885,Q8IUZ5
2886,Q8IV08
2887,Q8IV36
2888,Q8IV38
2889,Q8IV56
2890,Q8IV63
2891,Q8IVM0
2892,Q8IVT2
2893,Q8IW45
2894,Q8IWA5
2895,Q8IWE2
2896,Q8IWE4
2897,Q8IWJ2
2898,Q8IWL3
2899,Q8IWW8
2900,Q8IWZ3
2901,Q8IWZ8
2902,Q8IX12
2903,Q8IXB1
2904,Q8IXI1
2905,Q8IXI2
2906,Q8IXM2
2907,Q8IXM3
2908,Q8IXQ6
2909,Q8IY17
2910,Q8IY18
2911,Q8IY21
2912,Q8IY33
2913,Q8IY81
2914,Q8IY92
2915,Q8IYB5
2916,Q8IYB7
2917,Q8IYI6
2918,Q8IYJ3
2919,Q8IYS1
2920,Q8IZ07
2921,Q8IZ83
2922,Q8IZR5
2923,Q8N0U8
2924,Q8N0W3
2925,Q8N0X4
2926,Q8N128
2927,Q8N129
2928,Q8N163
2929,Q8N183
2930,Q8N1B4
2931,Q8N1F7
2932,Q8N1G4
2933,Q8N1Q1
2934,Q8N201
2935,Q8N2F6
2936,Q8N2G8
2937,Q8N2S1
2938,Q8N335
2939,Q8N357
2940,Q8N392
2941,Q8N3C0
2942,Q8N3D4
2943,Q8N3F8
2944,Q8N3V7
2945,Q8N490
2946,Q8N490
2947,Q8N4C8
2948,Q8N4H5
2949,Q8N4Q1
2950,Q8N573
2951,Q8N5A5
2952,Q8N5C6
2953,Q8N5G0
2954,Q8N5J2
2955,Q8N5K1
2956,Q8N5N7
2957,Q8N766
2958,Q8N7H5
2959,Q8N806
2960,Q8N8A2
2961,Q8N8S7
2962,Q8N983
2963,Q8N9T8
2964,Q8NBF2
2965,Q8NBJ4
2966,Q8NBJ5
2967,Q8NBL1
2968,Q8NBN7
2969,Q8NBS9
2970,Q8NBU5
2971,Q8NBX0
2972,Q8NC56
2973,Q8NC96
2974,Q8NCA5
2975,Q8NCE2
2976,Q8NCF5
2977,Q8NCL4
2978,Q8NCW5
2979,Q8ND30
2980,Q8ND56
2981,Q8NDH3
2982,Q8NE62
2983,Q8NE71
2984,Q8NE86
2985,Q8NEU8
2986,Q8NEZ4
2987,Q8NF50
2988,Q8NFC6
2989,Q8NFH3
2990,Q8NFH5
2991,Q8NFH8
2992,Q8NFI3
2993,Q8NFQ8
2994,Q8NFU3
2995,Q8NFV4
2996,Q8NFW8
2997,Q8NHP8
2998,Q8NHV4
2999,Q8NI60
3000,Q8TAE8
3001,Q8TAF3
3002,Q8TAT6
3003,Q8TAX9
3004,Q8TB03
3005,Q8TB37
3006,Q8TB45
3007,Q8TBA6
3008,Q8TBC4
3009,Q8TBX8
3010,Q8TC07
3011,Q8TC12
3012,Q8TCC3
3013,Q8TCD1
3014,Q8TCD5
3015,Q8TCE6
3016,Q8TCG2
3017,Q8TCJ2
3018,Q8TCS8
3019,Q8TCT9
3020,Q8TD06
3021,Q8TD19
3022,Q8TD43
3023,Q8TD55
3024,Q8TDB6
3025,Q8TDL5
3026,Q8TDY2
3027,Q8TDZ2
3028,Q8TE67
3029,Q8TE77
3030,Q8TEA8
3031,Q8TEM1
3032,Q8TEQ6
3033,Q8TF65
3034,Q8WTW3
3035,Q8WU39
3036,Q8WU79
3037,Q8WU90
3038,Q8WUA2
3039,Q8WUF5
3040,Q8WUH6
3041,Q8WUM0
3042,Q8WUM4
3043,Q8WUP2
3044,Q8WUW1
3045,Q8WUY1
3046,Q8WVC0
3047,Q8WVJ2
3048,Q8WVM8
3049,Q8WVQ1
3050,Q8WVT3
3051,Q8WVV4
3052,Q8WVY7
3053,Q8WW12
3054,Q8WWC4
3055,Q8WWI5
3056,Q8WWM7
3057,Q8WWM9
3058,Q8WWQ0
3059,Q8WWY3
3060,Q8WX93
3061,Q8WXA9
3062,Q8WXF1
3063,Q8WXH0
3064,Q8WXI4
3065,Q8WXX5
3066,Q8WY22
3067,Q8WYP5
3068,Q8WZ82
3069,Q8WZA0
3070,Q8WZA9
3071,Q92499
3072,Q92506
3073,Q92520
3074,Q92522
3075,Q92538
3076,Q92539
3077,Q92542
3078,Q92556
3079,Q92575
3080,Q92597
3081,Q92598
3082,Q92608
3083,Q92616
3084,Q92619
3085,Q92621
3086,Q92626
3087,Q92629
3088,Q92665
3089,Q92667
3090,Q92688
3091,Q92692
3092,Q92696
3093,Q92747
3094,Q92766
3095,Q92783
3096,Q92797
3097,Q92804
3098,Q92828
3099,Q92835
3100,Q92843
3101,Q92878
3102,Q92882
3103,Q92890
3104,Q92896
3105,Q92900
3106,Q92905
3107,Q92917
3108,Q92922
3109,Q92945
3110,Q92947
3111,Q92973
3112,Q92974
3113,Q93008
3114,Q93009
3115,Q93034
3116,Q93050
3117,Q93052
3118,Q93084
3119,Q93099
3120,Q969E4
3121,Q969G5
3122,Q969H8
3123,Q969L2
3124,Q969Q0
3125,Q969S9
3126,Q969U7
3127,Q969V3
3128,Q969X5
3129,Q969Y2
3130,Q969Z3
3131,Q96A33
3132,Q96A35
3133,Q96A49
3134,Q96A65
3135,Q96AB3
3136,Q96AC1
3137,Q96AE4
3138,Q96AG4
3139,Q96AJ9
3140,Q96AP7
3141,Q96AQ6
3142,Q96AT1
3143,Q96AT9
3144,Q96AY3
3145,Q96AZ6
3146,Q96B26
3147,Q96B36
3148,Q96B49
3149,Q96BJ3
3150,Q96BM9
3151,Q96BN8
3152,Q96BQ1
3153,Q96BR5
3154,Q96BS2
3155,Q96BW5
3156,Q96BW9
3157,Q96C19
3158,Q96C23
3159,Q96C86
3160,Q96C90
3161,Q96CF2
3162,Q96CM8
3163,Q96CN7
3164,Q96CN9
3165,Q96CP2
3166,Q96CS3
3167,Q96CT7
3168,Q96CU9
3169,Q96CV9
3170,Q96CX2
3171,Q96D15
3172,Q96D53
3173,Q96DA6
3174,Q96DB5
3175,Q96DC8
3176,Q96DE0
3177,Q96DG6
3178,Q96DI7
3179,Q96DV4
3180,Q96DZ1
3181,Q96E11
3182,Q96E39
3183,Q96ED9
3184,Q96EE3
3185,Q96EK6
3186,Q96EK9
3187,Q96EL3
3188,Q96EV8
3189,Q96EY1
3190,Q96EY5
3191,Q96EY7
3192,Q96EY8
3193,Q96F86
3194,Q96FJ2
3195,Q96FN4
3196,Q96FQ6
3197,Q96G03
3198,Q96GD0
3199,Q96GK7
3200,Q96GM8
3201,Q96GS4
3202,Q96GW9
3203,Q96GX9
3204,Q96HC4
3205,Q96HD1
3206,Q96HE7
3207,Q96HN2
3208,Q96HR9
3209,Q96HS1
3210,Q96HU1
3211,Q96HY6
3212,Q96I24
3213,Q96I25
3214,Q96I45
3215,Q96I99
3216,Q96IJ6
3217,Q96IQ7
3218,Q96IU4
3219,Q96IX5
3220,Q96IZ0
3221,Q96J01
3222,Q96JB5
3223,Q96JG6
3224,Q96JJ7
3225,Q96JM3
3226,Q96JQ2
3227,Q96JY6
3228,Q96K17
3229,Q96K76
3230,Q96KC8
3231,Q96KN1
3232,Q96KP1
3233,Q96KP4
3234,Q96KR1
3235,Q96L92
3236,Q96LD4
3237,Q96LJ7
3238,Q96LW7
3239,Q96M27
3240,Q96N66
3241,Q96NB2
3242,Q96NB3
3243,Q96NT0
3244,Q96NY7
3245,Q96P16
3246,Q96PD5
3247,Q96PE7
3248,Q96PK6
3249,Q96PP9
3250,Q96PU5
3251,Q96PU8
3252,Q96Q11
3253,Q96QC0
3254,Q96QK1
3255,Q96QR8
3256,Q96QZ7
3257,Q96RE7
3258,Q96RF0
3259,Q96RP9
3260,Q96RQ3
3261,Q96RQ9
3262,Q96RT1
3263,Q96S19
3264,Q96S44
3265,Q96S52
3266,Q96S55
3267,Q96S66
3268,Q96SI9
3269,Q96SQ9
3270,Q96ST2
3271,Q96SU4
3272,Q96SZ5
3273,Q96T17
3274,Q96T23
3275,Q96T51
3276,Q96T60
3277,Q96T76
3278,Q96TA1
3279,Q96TC7
3280,Q99426
3281,Q99436
3282,Q99442
3283,Q99447
3284,Q99459
3285,Q99460
3286,Q99470
3287,Q99471
3288,Q99497
3289,Q99536
3290,Q99538
3291,Q99543
3292,Q99567
3293,Q99570
3294,Q99584
3295,Q99598
3296,Q99613
3297,Q99614
3298,Q99615
3299,Q99623
3300,Q99643
3301,Q99653
3302,Q99674
3303,Q99685
3304,Q99704
3305,Q99714
3306,Q99729
3307,Q99733
3308,Q99747
3309,Q99766
3310,Q99795
3311,Q99797
3312,Q99805
3313,Q99808
3314,Q99828
3315,Q99832
3316,Q99959
3317,Q99961
3318,Q99986
3319,Q9BPW8
3320,Q9BPX5
3321,Q9BQ61
3322,Q9BQ69
3323,Q9BQ95
3324,Q9BQE4
3325,Q9BQE9
3326,Q9BQG0
3327,Q9BQS8
3328,Q9BR76
3329,Q9BRA2
3330,Q9BRF8
3331,Q9BRG1
3332,Q9BRK5
3333,Q9BRP8
3334,Q9BRR6
3335,Q9BRT2
3336,Q9BRT3
3337,Q9BRZ2
3338,Q9BS26
3339,Q9BS40
3340,Q9BSD7
3341,Q9BSE5
3342,Q9BSF4
3343,Q9BSH5
3344,Q9BSJ8
3345,Q9BSL1
3346,Q9BSY4
3347,Q9BT09
3348,Q9BT22
3349,Q9BTC0
3350,Q9BTE3
3351,Q9BTT6
3352,Q9BTV4
3353,Q9BTY2
3354,Q9BTY7
3355,Q9BTZ2
3356,Q9BU02
3357,Q9BU61
3358,Q9BUE6
3359,Q9BUF5
3360,Q9BUH6
3361,Q9BUJ2
3362,Q9BUN8
3363,Q9BUP3
3364,Q9BUQ8
3365,Q9BUT1
3366,Q9BV36
3367,Q9BV36
3368,Q9BV40
3369,Q9BV79
3370,Q9BV81
3371,Q9BVC6
3372,Q9BVG4
3373,Q9BVJ6
3374,Q9BVJ7
3375,Q9BVK6
3376,Q9BVS4
3377,Q9BVV7
3378,Q9BW04
3379,Q9BW30
3380,Q9BW83
3381,Q9BW91
3382,Q9BWD1
3383,Q9BWS9
3384,Q9BX40
3385,Q9BX68
3386,Q9BX97
3387,Q9BXJ9
3388,Q9BXN1
3389,Q9BXP5
3390,Q9BXS5
3391,Q9BXV9
3392,Q9BXW7
3393,Q9BXX0
3394,Q9BY43
3395,Q9BY44
3396,Q9BYC5
3397,Q9BYC9
3398,Q9BYD1
3399,Q9BYD2
3400,Q9BYD6
3401,Q9BYG5
3402,Q9BYN0
3403,Q9BYX2
3404,Q9BYZ8
3405,Q9BZE1
3406,Q9BZE4
3407,Q9BZE9
3408,Q9BZF1
3409,Q9BZH6
3410,Q9BZI7
3411,Q9BZQ6
3412,Q9BZQ8
3413,Q9BZV1
3414,Q9C002
3415,Q9C040
3416,Q9C0C2
3417,Q9C0C9
3418,Q9C0E8
3419,Q9C0I1
3420,Q9C0J8
3421,Q9GZM7
3422,Q9GZP4
3423,Q9GZS3
3424,Q9GZT3
3425,Q9GZT8
3426,Q9GZZ9
3427,Q9H061
3428,Q9H074
3429,Q9H078
3430,Q9H098
3431,Q9H0A0
3432,Q9H0B6
3433,Q9H0C8
3434,Q9H0D6
3435,Q9H0E2
3436,Q9H0L4
3437,Q9H0P0
3438,Q9H0R4
3439,Q9H0S4
3440,Q9H0U4
3441,Q9H173
3442,Q9H190
3443,Q9H1B7
3444,Q9H1E3
3445,Q9H1E5
3446,Q9H1I8
3447,Q9H201
3448,Q9H223
3449,Q9H267
3450,Q9H269
3451,Q9H2D6
3452,Q9H2G2
3453,Q9H2H8
3454,Q9H2J4
3455,Q9H2K8
3456,Q9H2M9
3457,Q9H2P0
3458,Q9H2U2
3459,Q9H2W6
3460,Q9H307
3461,Q9H330
3462,Q9H3G5
3463,Q9H3K2
3464,Q9H3N1
3465,Q9H3P7
3466,Q9H3Q1
3467,Q9H3R2
3468,Q9H3S7
3469,Q9H3U1
3470,Q9H444
3471,Q9H446
3472,Q9H4A4
3473,Q9H4A5
3474,Q9H4A6
3475,Q9H4G4
3476,Q9H4L5
3477,Q9H501
3478,Q9H553
3479,Q9H5N1
3480,Q9H6F5
3481,Q9H6S0
3482,Q9H6S3
3483,Q9H6T3
3484,Q9H773
3485,Q9H788
3486,Q9H7Z7
3487,Q9H845
3488,Q9H8L6
3489,Q9H8Y8
3490,Q9H936
3491,Q9H993
3492,Q9H9A6
3493,Q9H9B4
3494,Q9H9H4
3495,Q9H9J2
3496,Q9H9P8
3497,Q9H9T3
3498,Q9HA64
3499,Q9HAB8
3500,Q9HAN9
3501,Q9HAT2
3502,Q9HAV0
3503,Q9HAV4
3504,Q9HAV7
3505,Q9HB07
3506,Q9HB40
3507,Q9HB71
3508,Q9HBH5
3509,Q9HBL7
3510,Q9HBR0
3511,Q9HC07
3512,Q9HC35
3513,Q9HC36
3514,Q9HC38
3515,Q9HC84
3516,Q9HCB6
3517,Q9HCC0
3518,Q9HCN8
3519,Q9HCU5
3520,Q9HCY8
3521,Q9HD20
3522,Q9HD26
3523,Q9HD33
3524,Q9HD42
3525,Q9HD45
3526,Q9HDC9
3527,Q9NNW7
3528,Q9NP61
3529,Q9NP72
3530,Q9NPA0
3531,Q9NPD3
3532,Q9NPF5
3533,Q9NPH2
3534,Q9NPJ3
3535,Q9NPQ8
3536,Q9NPY3
3537,Q9NQ29
3538,Q9NQ48
3539,Q9NQ50
3540,Q9NQ88
3541,Q9NQG5
3542,Q9NQH7
3543,Q9NQP4
3544,Q9NQR4
3545,Q9NQT8
3546,Q9NQW7
3547,Q9NQX3
3548,Q9NQX4
3549,Q9NR09
3550,Q9NR12
3551,Q9NR19
3552,Q9NR28
3553,Q9NR30
3554,Q9NR31
3555,Q9NR45
3556,Q9NR50
3557,Q9NR99
3558,Q9NRD8
3559,Q9NRF8
3560,Q9NRL3
3561,Q9NRN5
3562,Q9NRP2
3563,Q9NRR5
3564,Q9NRV9
3565,Q9NRX4
3566,Q9NRX5
3567,Q9NRY5
3568,Q9NS69
3569,Q9NS71
3570,Q9NS86
3571,Q9NSD9
3572,Q9NSE4
3573,Q9NSK0
3574,Q9NT62
3575,Q9NTG7
3576,Q9NTI5
3577,Q9NTJ4
3578,Q9NTJ5
3579,Q9NTX5
3580,Q9NTZ6
3581,Q9NUB1
3582,Q9NUJ1
3583,Q9NUP9
3584,Q9NUQ2
3585,Q9NUQ6
3586,Q9NUQ7
3587,Q9NUQ9
3588,Q9NUY8
3589,Q9NVG8
3590,Q9NVH1
3591,Q9NVI7
3592,Q9NVJ2
3593,Q9NVM1
3594,Q9NVP1
3595,Q9NVS9
3596,Q9NVZ3
3597,Q9NW13
3598,Q9NW64
3599,Q9NW68
3600,Q9NW97
3601,Q9NWB6
3602,Q9NWH9
3603,Q9NWV4
3604,Q9NWV8
3605,Q9NWY4
3606,Q9NWZ3
3607,Q9NWZ5
3608,Q9NX14
3609,Q9NX24
3610,Q9NX55
3611,Q9NX58
3612,Q9NX62
3613,Q9NXA8
3614,Q9NXG2
3615,Q9NXG6
3616,Q9NXH8
3617,Q9NXV6
3618,Q9NY12
3619,Q9NY15
3620,Q9NY33
3621,Q9NY59
3622,Q9NYB0
3623,Q9NYF8
3624,Q9NYH9
3625,Q9NYJ1
3626,Q9NYL9
3627,Q9NYU2
3628,Q9NZ01
3629,Q9NZ08
3630,Q9NZ32
3631,Q9NZ45
3632,Q9NZ63
3633,Q9NZB2
3634,Q9NZC3
3635,Q9NZL9
3636,Q9NZM1
3637,Q9NZN4
3638,Q9NZN5
3639,Q9NZQ3
3640,Q9NZU5
3641,Q9NZZ3
3642,Q9P000
3643,Q9P013
3644,Q9P016
3645,Q9P032
3646,Q9P0J0
3647,Q9P0J1
3648,Q9P0J7
3649,Q9P0K7
3650,Q9P0L0
3651,Q9P0M6
3652,Q9P0R6
3653,Q9P0U1
3654,Q9P0U4
3655,Q9P0V3
3656,Q9P107
3657,Q9P1F3
3658,Q9P1Y5
3659,Q9P206
3660,Q9P258
3661,Q9P260
3662,Q9P265
3663,Q9P2A4
3664,Q9P2B2
3665,Q9P2B4
3666,Q9P2D3
3667,Q9P2I0
3668,Q9P2J5
3669,Q9P2M7
3670,Q9P2N5
3671,Q9P2R3
3672,Q9P2R7
3673,Q9P2X0
3674,Q9UBB4
3675,Q9UBB5
3676,Q9UBC2
3677,Q9UBE0
3678,Q9UBF2
3679,Q9UBI6
3680,Q9UBQ0
3681,Q9UBQ7
3682,Q9UBR2
3683,Q9UBS4
3684,Q9UBS8
3685,Q9UBT2
3686,Q9UBU3
3687,Q9UBU9
3688,Q9UBV2
3689,Q9UBV8
3690,Q9UBW8
3691,Q9UD71
3692,Q9UDT6
3693,Q9UDY2
3694,Q9UDY4
3695,Q9UEE9
3696,Q9UEU0
3697,Q9UEW8
3698,Q9UFG5
3699,Q9UFN0
3700,Q9UFW8
3701,Q9UGI8
3702,Q9UGM3
3703,Q9UGM6
3704,Q9UGP8
3705,Q9UGT4
3706,Q9UH62
3707,Q9UH99
3708,Q9UHA4
3709,Q9UHB6
3710,Q9UHB9
3711,Q9UHD1
3712,Q9UHD2
3713,Q9UHD8
3714,Q9UHD9
3715,Q9UHG2
3716,Q9UHG3
3717,Q9UHL4
3718,Q9UHQ4
3719,Q9UHQ9
3720,Q9UHR4
3721,Q9UHV9
3722,Q9UHY7
3723,Q9UI08
3724,Q9UI09
3725,Q9UI12
3726,Q9UIC8
3727,Q9UIG0
3728,Q9UII2
3729,Q9UIJ7
3730,Q9UIQ6
3731,Q9UIS9
3732,Q9UJ68
3733,Q9UJ72
3734,Q9UJC3
3735,Q9UJC5
3736,Q9UJJ9
3737,Q9UJS0
3738,Q9UJW0
3739,Q9UJY4
3740,Q9UJY5
3741,Q9UJZ1
3742,Q9UK41
3743,Q9UK45
3744,Q9UK59
3745,Q9UK76
3746,Q9UKE5
3747,Q9UKF6
3748,Q9UKG1
3749,Q9UKK3
3750,Q9UKM9
3751,Q9UKN8
3752,Q9UKS6
3753,Q9UKU7
3754,Q9UKX7
3755,Q9UKY7
3756,Q9UL15
3757,Q9UL18
3758,Q9UL25
3759,Q9UL26
3760,Q9ULC4
3761,Q9ULC5
3762,Q9ULH7
3763,Q9ULR0
3764,Q9ULV0
3765,Q9ULV4
3766,Q9ULX6
3767,Q9ULZ3
3768,Q9UM07
3769,Q9UMS0
3770,Q9UMS4
3771,Q9UMS6
3772,Q9UMX0
3773,Q9UMX5
3774,Q9UMZ2
3775,Q9UN37
3776,Q9UN86
3777,Q9UNE7
3778,Q9UNF0
3779,Q9UNK0
3780,Q9UNM6
3781,Q9UNN5
3782,Q9UNN8
3783,Q9UNS2
3784,Q9UNX3
3785,Q9UNX4
3786,Q9UNZ2
3787,Q9UP83
3788,Q9UPN7
3789,Q9UPU5
3790,Q9UPY3
3791,Q9UQ35
3792,Q9UQ80
3793,Q9UQ90
3794,Q9UQE7
3795,Q9UQN3
3796,Q9Y224
3797,Q9Y230
3798,Q9Y263
3799,Q9Y265
3800,Q9Y266
3801,Q9Y276
3802,Q9Y277
3803,Q9Y281
3804,Q9Y287
3805,Q9Y295
3806,Q9Y2A7
3807,Q9Y2B0
3808,Q9Y2D5
3809,Q9Y2H0
3810,Q9Y2H6
3811,Q9Y2I8
3812,Q9Y2L1
3813,Q9Y2L9
3814,Q9Y2Q3
3815,Q9Y2Q5
3816,Q9Y2Q9
3817,Q9Y2R0
3818,Q9Y2S2
3819,Q9Y2S6
3820,Q9Y2T2
3821,Q9Y2U8
3822,Q9Y2V2
3823,Q9Y2W1
3824,Q9Y2W2
3825,Q9Y2X3
3826,Q9Y2Y8
3827,Q9Y2Z0
3828,Q9Y2Z4
3829,Q9Y305
3830,Q9Y314
3831,Q9Y315
3832,Q9Y320
3833,Q9Y333
3834,Q9Y371
3835,Q9Y376
3836,Q9Y385
3837,Q9Y394
3838,Q9Y399
3839,Q9Y3A6
3840,Q9Y3B4
3841,Q9Y3B7
3842,Q9Y3C4
3843,Q9Y3C6
3844,Q9Y3C8
3845,Q9Y3D3
3846,Q9Y3D6
3847,Q9Y3D9
3848,Q9Y3E7
3849,Q9Y3F4
3850,Q9Y3I0
3851,Q9Y3L3
3852,Q9Y3R5
3853,Q9Y3U8
3854,Q9Y3X0
3855,Q9Y3Y2
3856,Q9Y3Z3
3857,Q9Y446
3858,Q9Y450
3859,Q9Y490
3860,Q9Y4E8
3861,Q9Y4G6
3862,Q9Y4L1
3863,Q9Y4W6
3864,Q9Y4Z0
3865,Q9Y512
3866,Q9Y570
3867,Q9Y5B9
3868,Q9Y5J6
3869,Q9Y5J7
3870,Q9Y5K6
3871,Q9Y5K8
3872,Q9Y5L4
3873,Q9Y5M8
3874,Q9Y5P6
3875,Q9Y5R8
3876,Q9Y5S2
3877,Q9Y5S9
3878,Q9Y5U9
3879,Q9Y5X3
3880,Q9Y5Y0
3881,Q9Y5Y2
3882,Q9Y5Y6
3883,Q9Y5Z4
3884,Q9Y608
3885,Q9Y617
3886,Q9Y624
3887,Q9Y639
3888,Q9Y646
3889,Q9Y673
3890,Q9Y676
3891,Q9Y678
3892,Q9Y679
3893,Q9Y696
3894,Q9Y697
3895,Q9Y6C9
3896,Q9Y6D5
3897,Q9Y6D6
3898,Q9Y6D9
3899,Q9Y6G9
3900,Q9Y6H1
3901,Q9Y6I3
3902,Q9Y6K5
3903,Q9Y6N5
3904,Q9Y6R1
3905,Q9Y6R7
3906,Q9Y6U3
3907,Q9Y6W5
3908,Q9Y6X5
3909,Q9Y6Y8
3910,R4GMX3
3911,Q5VZ89
3912,S4R303
3913,V9GYT7
3914,Q03519
